uptime,dataset_id,strategy,exp_id,model_id,length,f1_adjusted,pc_adjusted,rc_adjusted,f1,pc,rc,delay,train_time,test_time,nb_epoch,nb_eval_entity,nb_total_entity
20231120-163808,SWAT,best_adjusted,anomaly_transformer_SWAT,anomaly_transformer,134966,0.5305731467191741,0.9240037071362373,0.3721260077635115,,,,0.12326062217866057,13.649874925613403,2945.741878271103,1,1,1
20231120-163808,SWAT,pot_adjusted,anomaly_transformer_SWAT,anomaly_transformer,134966,0.43138433789268,0.5319740500463392,0.3627859941853116,,,,0.2680838013417156,13.649874925613403,2945.741878271103,1,1,1
20231120-163808,SWAT,best,anomaly_transformer_SWAT,anomaly_transformer,134966,,,,0.16353591160220993,0.2057460611677479,0.1356968215158924,0.25129051382109735,13.649874925613403,2945.741878271103,1,1,1
20231120-163808,SWAT,pot,anomaly_transformer_SWAT,anomaly_transformer,134966,,,,0.039451437159496526,0.03892493049119555,0.03999238240335174,0.2680838013417156,13.649874925613403,2945.741878271103,1,1,1
